id,source_url,date,market,source_type,pain,evidence_summary,severity_1_10,selena_solution,supports_5to10k_offer
1,https://agentzap.ai/blog/real-estate-lead-statistics,2026-05,Real estate (global),Industry stats roundup,Slow lead response,Average agent takes ~917 minutes (15+ hours) to respond to a new lead per Inman 2025 survey,9,AI instant response + qualification on all channels,yes
2,https://agentzap.ai/blog/real-estate-lead-statistics,2026-05,Real estate (global),Industry stats roundup,First-responder loss,78% of buyers end up working with the first agent who responds (NAR 2025),9,Sub-5-minute AI first response 24/7,yes
3,https://agentzap.ai/blog/real-estate-lead-statistics,2026-05,Real estate (global),Industry stats roundup,After-hours leads unanswered,62% of inquiries arrive outside business hours,8,24/7 AI coverage of forms/WhatsApp/portals,yes
4,https://agentzap.ai/blog/real-estate-lead-statistics,2026-05,Real estate (global),Industry stats roundup,Follow-up abandonment,44% of agents give up after one follow-up; 80% of sales need 5+ touches,8,Automated multi-touch follow-up sequences,yes
5,https://caseyresponse.com/blog/lead-response-time-statistics,2026-01,SMB services,Research summary,Response-window decay,MIT/InsideSales: 100x more likely to connect at 5 min vs 30 min; lead quality drops ~80% after 5 min (HBR),9,Instant AI engagement at peak intent,yes
6,https://voiceinfra.ai/blog/real-estate-lead-response-5-minutes-makes-breaks-sale,2025-10,Real estate (global),Vendor analysis,Slow response benchmark,TimeToReply analysis: average agent response time 15 hours,8,AI response layer independent of agent availability,yes
7,https://proppilot.ai/blog/cost-of-slow-lead-response-real-estate/,2026-03,Dubai real estate,Vendor analysis,Revenue leak quantified,Sub-5-min vs 2h response ≈ AED 240k/mo difference for a 100-lead brokerage (vendor model),8,Speed-to-lead system; ROI framing,yes
8,https://www.jamilacademy.com/blog/real-estate-lead-conversion-rate-benchmarks,2026-05,Real estate (global),Coach case data,Weak follow-up cadence,Real CRM audit: 4h12m avg response and 1.8 follow-up attempts before giving up,8,14-touch automated cadence,yes
9,https://www.fyxer.com/blog/real-estate-lead-response-time,2026-04,Real estate (UK/global),Vendor analysis,After-hours volume,40% of qualified inquiries occur outside 9-5 (SalesRook),7,After-hours AI coverage,yes
10,https://www.trustpilot.com/review/balimanagement.villas,2025-03,Bali villa management,Guest review (Trustpilot),Escalation black hole,Guest waited hours for management approval on a resolution; left property; 1-star public review,8,AI triage + instant acknowledgment + escalation routing,yes
11,https://orivista.com/how-to-pick-a-reliable-property-manager-in-bali/,2026-01,Bali villa management,Operator guide,Slow response as systemic red flag,Guide warns owners: managers slow to respond during courtship only get worse after signing,8,Response-time SLA made real via AI layer,yes
12,https://orivista.com/how-to-pick-a-reliable-property-manager-in-bali/,2026-01,Bali villa management,Operator guide,WhatsApp-only unprofessional comms,WhatsApp-only communication without professional email flagged as a bad-manager signal,6,Unified inbox: WhatsApp + email + forms in one pipeline,yes
13,https://gravitybali.com/en/improving-guest-reviews-the-gravity-bali-method/,2025-07,Bali villa management,Operator playbook,Response speed as premium differentiator,Top operator commits to <60-min responses and 7-day WhatsApp concierge to win 5-star reviews,7,Same capability productized for mid-tier operators,yes
14,https://www.myvillasinbali.com/avoiding-bali-villa-scams-red-flags-and-booking-tips/,2025-09,Bali villa rentals,Consumer guide,Poor communication kills bookings,Poor communication and DM-only booking listed as scam red flags travelers avoid,7,Professional instant response builds booking trust,yes
15,https://vanilla-mayflower-yte6.squarespace.com/blog/bali-villa-management-mistakes-to-avoid,2025-08,Bali villa management,Industry guide,Inconsistent owner communication,Inconsistent responses / no regular updates listed among top management failures,7,Automated owner reporting + guest comms,yes
16,https://solarpropertybali.com/blog/how-to-choose-villa-management/,2026-04,Bali villa management,Industry guide,Occupancy loss from slow inquiry handling,Poor-management scenario: 55% occupancy due to poor OTA optimization and slow booking-inquiry response,9,Faster inquiry response protects occupancy,yes
17,https://solarpropertybali.com/blog/bali-villa-management-company-vs-booking-agent-2026/,2026-05,Bali villa management,Industry guide,OTA ranking erosion,OTA algorithms favor responsive listings; rankings erode over 6-18 months without active response management,8,Response-rate automation directly feeds ranking,yes
18,https://www.cabobali.com/blog/best-villa-management-companies-bali,2026,Bali villa management,Competitor content,OTA commission dependency,Airbnb takes 15-18% per booking; operators without direct-booking engines depend on it,7,Direct-booking capture flow on website/WhatsApp,yes
19,https://www.villabalisale.com/blog/bali-villa-market-oversupply-analysis,2026-02,Bali villa rentals,Market analysis,Occupancy collapse in shoulder season,Average properties now 45-60% occupancy in shoulder season vs ~80% historically,9,Every inquiry must convert; response automation,yes
20,https://www.jarniascyril.com/international-real-estate/invest-in-indonesian-real-estate/bali-real-estate-market-outlook-2026-analysis-forecasts-investing/,2026-05,Bali villa rentals,Market analysis,Rate-cutting price war,Owners cutting rates 10-30% to maintain occupancy,8,Compete on response speed instead of price,yes
21,https://www.balirealty.com/bali-property-market-2026/,2026-03,Bali real estate,Agency market report,Structural occupancy shift,Occupancy not following arrivals; heavy discounting becoming the operating environment,8,Operational efficiency as survival lever,yes
22,https://www.bukitvista.com/blog/bali-real-estate-market-shorts-2026,2026-03,Bali villa rentals,Operator analysis,Mismanagement death spiral,Poorly managed listings sink in Airbnb ranking regardless of location - vacancies even in high season,9,Response/review automation to climb ranking,yes
23,https://betterplace.cc/blog/bali-real-estate-2026,2026-05,Bali villa rentals,Market analysis,Listing saturation,45774 active listings; 85%+ in the 1-3BR segment competing for same guests,8,Differentiation via guest experience + speed,yes
24,https://www.villabalisale.com/blog/bali-property-market-2026-investment-guide,2026-02,Bali villa rentals,Market analysis,Booking value decline,Listings grew YoY while booking values declined - supply outpacing demand in key zones,8,Maximize conversion of existing demand,yes
25,https://www.jarniascyril.com/international-real-estate/invest-in-indonesian-real-estate/bali-real-estate-market-outlook-2026-analysis-forecasts-investing/,2026-05,Bali villa rentals,Market analysis,Compliance/delisting risk,Non-compliant listings risk Airbnb delisting after Mar 31 2026; licensing enforcement rising,7,Not a Selena core fix - partner/referral angle,partial
26,https://hyperleap.ai/blog/salons-medspas-lose-clients-missed-calls,2025-12,Medspa/salon,Vendor analysis,Missed calls during services,Up to 35% of incoming calls missed because staff are mid-service,9,AI receptionist across phone-text/WhatsApp/IG,yes
27,https://hyperleap.ai/blog/salons-medspas-lose-clients-missed-calls,2025-12,Medspa/salon,Vendor analysis,High LTV per missed inquiry,Medspa client LTV $7800+; salon $2500+ - each missed call is large,8,Instant text-back + booking recovers 30-40%,yes
28,https://hyperleap.ai/blog/salons-medspas-lose-clients-missed-calls,2025-12,Medspa/salon,Vendor citing Zenoti,Annual loss quantified,~$67000/yr lost per salon from missed appointments (Zenoti/Shortcuts),8,Automated reminders + recovery flows,yes
29,https://www.patientnow.com/resources/blog/what-medspa-software-can-help-reduce-missed-calls/,2026-05,Medspa,Vendor analysis,Missed-call monthly loss,Avg visit $500-700 at 30-50% phone conversion; 20 missed calls/mo = $3-7k/mo lost,8,24/7 inquiry capture + booking,yes
30,https://spavoices.com/missed-calls-in-medical-spas/,2024-08,Medspa,Industry blog,Callers do not retry,Up to 85% of unanswered callers will not call back,9,Instant response is the only fix,yes
31,https://globalv.com/the-true-cost-of-a-missed-patient-call-hint-its-more-than-you-think/,2026-02,Medical practices,Industry analysis,Business-hours miss rate,Practices miss ~42% of incoming calls during business hours,8,AI phone/text layer,yes
32,https://www.24-7pressrelease.com/press-release/532385/,2026-03,Medspa,Vendor press release,Daily leak math,3 missed calls/day ≈ $130k/yr at $600 booking and 30% conversion (vendor benchmark),7,Missed-call text-back + KPI tracking,yes
33,https://www.dezyit.com/post/the-real-cost-of-missed-patient-calls-for-aesthetic-clinics-and-how-to-fix-it,2026-07,Aesthetic clinics,Industry analysis,After-hours intent decay,Patients research at night; if they cannot book immediately intent fades before morning,8,24/7 AI booking,yes
34,https://blog.salescaptain.com/how-to-reduce-missed-calls-for-medspa-2025-guide/,2026-05,Medspa,Industry guide,Voicemail dead-end,Most callers will not leave voicemail; they call the next provider,8,Conversational AI instead of voicemail,yes
35,https://www.patientnow.com/resources/blog/medspa-revenue-optimization-hidden-leaks-impact-profit-tips/,2026-05,Medspa,Vendor analysis,Follow-up not marketing is the gap,Two practices same ad spend: the fast-responder generates 2x+ clients,8,Follow-up automation before more ad spend,yes
36,https://godesign.ae/blog/real-estate-crm-whatsapp-automation-dubai/,2026-05,Dubai real estate,Agency case content,Pipeline in a spreadsheet,Broker ran tens of thousands of contacts in one Google Sheet; manual WhatsApp blasts risking blocks,9,CRM pipeline + compliant WhatsApp API,yes
37,https://godesign.ae/blog/real-estate-crm-whatsapp-automation-dubai/,2026-05,Dubai real estate,Agency case content,9pm inquiry answered next afternoon,Portal inquiry lands on agent personal phone at night and is answered next day if at all,9,24/7 AI first response,yes
38,https://www.groovyweb.co/blog/dubai-real-estate-lead-management,2026-07,Dubai real estate,Vendor analysis,Lead fragmentation,Same buyer exists as Bayut inquiry + WhatsApp thread + spreadsheet row + half-filled CRM record,8,Unified deduplicated pipeline,yes
39,https://www.groovyweb.co/blog/dubai-real-estate-lead-management,2026-07,Dubai real estate,Vendor analysis,Unqualified viewing waste,Closers drive to viewings with buyers who were never going to transact,7,AI qualification before calendar,yes
40,https://ficaition.com/blog/real-estate-whatsapp-lead-management-dubai,2026-03,Dubai real estate,Documented client case,Shared-WhatsApp lead loss,8-agent agency lost 43 warm leads/quarter ≈ 604800/yr potential commission; CRM sat unused,10,Per-agent WhatsApp + follow-up scheduler + alerts,yes
41,https://www.rubycrm.ai/blogs/how-to-set-up-a-per-agent-whatsapp-system-for-your-brokerage,2026-05,UAE real estate,Vendor guide,Ownership ambiguity on shared number,Shared WhatsApp: overlapping replies and no ownership; personal numbers: history leaves with the agent,8,Structured per-agent system synced to CRM,yes
42,https://www.godubai.estate/broker-hub/why-international-meta-leads-dont-answer-uae-calls-dubai-real-estate-broker-guide/,2025-12,Dubai real estate,Broker guide,Leads shut down from call spam,Leads receive 40-60 contact attempts in 48h from competing brokers and stop answering calls,7,WhatsApp-first respectful nurture sequences,yes
43,https://www.godubai.estate/broker-hub/how-dubai-real-estate-brokers-can-follow-up-unresponsive-whatsapp-leads-effectively-in-2025/,2026-02,Dubai real estate,Broker guide,Silent database of cold leads,Brokers sit on thousands of silent WhatsApp contacts that are under-nurtured not dead,7,Cold-lead revival campaigns,yes
44,https://propcrm.ae/blog/whatsapp-crm-for-real-estate-dubai-2026,2026-07,Dubai real estate,Vendor analysis,Messages buried in regular WhatsApp,Hot leads go cold as messages get buried across five apps,8,Team inbox + SLA alerts,yes
45,https://solarpropertybali.com/blog/how-to-choose-villa-management/,2026-04,Bali villa management,Industry guide,No response-time SLA for emergencies,Vague maintenance response-time commitments signal thin operations,6,Escalation + SLA tracking module,partial
46,https://www.cabobali.com/blog/best-villa-management-companies-bali,2026,Bali villa management,Owner testimonial in competitor content,Guest-expectation handling burnout,Owner: handling guest expectations became a hassle - reason for outsourcing,7,AI concierge reduces the burden being outsourced,yes
47,https://www.bukitvista.com/blog/bali-real-estate-market-shorts-2026,2026-03,Bali real estate,Operator analysis,Deal gridlock and long negotiations,No trustworthy price benchmarks; negotiations stretch months; liquidity dries up,6,Faster nurture keeps buyers warm through long cycles,partial
48,https://www.jarniascyril.com/international-real-estate/invest-in-indonesian-real-estate/bali-real-estate-market-outlook-2026-analysis-forecasts-investing/,2026-05,Bali real estate,Market analysis,94-97% of leads need months of nurture,Only 3-6% of leads ready to buy now; rest need 1-6 months education (global pattern cited for Dubai; applies to Bali long cycles),7,Automated education/nurture sequences,yes
49,INFERENCE from S16+S18 (see source_log.md),2026-07,Bali real estate agencies,Labeled inference,Fewer leads = higher cost per lost lead,ASSUMPTION: with transaction volumes concentrating in fewer active buyers each mishandled inquiry costs more than in the 2022-23 boom,8,Speed-to-lead as margin protection,yes
50,INFERENCE from S25-S32 applied to Bali (see source_log.md),2026-07,Bali aesthetic clinics,Labeled inference,WhatsApp booking overload,ASSUMPTION: Bali clinics serve intl medical tourists via WhatsApp (directory bestaestheticsbali.com confirms WhatsApp as primary channel); same missed-inquiry economics as US medspas likely apply - verify per clinic by mystery-shop,7,AI patient inquiry + booking system,yes
51,INFERENCE from S8-S15 (see source_log.md),2026-07,Bali villa management,Labeled inference,Night inquiries from AU/EU time zones,ASSUMPTION: guest inquiries from Australia/Europe arrive outside Bali business hours; response gaps overnight - verify via mystery-shop at 21:00-23:00 WITA,8,24/7 AI booking response,yes
52,INFERENCE from S34+S49 (see source_log.md),2026-07,Dubai real estate,Labeled inference,Mid-tier brokerages underserved,ASSUMPTION: enterprise CRM vendors target large brokerages; 5-30 agent firms among 9785 registered offices lack done-for-you implementation - verify in discovery calls,7,Productized sprint sized for mid-tier firms,yes
